,year,value,metrics,classe
0,1985,0.8944671649508767,Overall Accuracy,All
1,1986,0.8941789822913525,Overall Accuracy,All
2,1987,0.8922180958811614,Overall Accuracy,All
3,1988,0.8900257882039764,Overall Accuracy,All
4,1989,0.88821890464507,Overall Accuracy,All
5,1990,0.8874136352285025,Overall Accuracy,All
6,1991,0.8879084287200832,Overall Accuracy,All
7,1992,0.8875384999583784,Overall Accuracy,All
8,1993,0.8871041571303733,Overall Accuracy,All
9,1994,0.8869738978393905,Overall Accuracy,All
10,1995,0.8874505723204995,Overall Accuracy,All
11,1996,0.8886807376878565,Overall Accuracy,All
12,1997,0.8889860868116304,Overall Accuracy,All
13,1998,0.8896574714559546,Overall Accuracy,All
14,1999,0.8897772225692275,Overall Accuracy,All
15,2000,0.8898647242455775,Overall Accuracy,All
16,2001,0.8900861172359279,Overall Accuracy,All
17,2002,0.8882876883376343,Overall Accuracy,All
18,2003,0.8874671779268953,Overall Accuracy,All
19,2004,0.8861049735273273,Overall Accuracy,All
20,2005,0.8870678510363235,Overall Accuracy,All
21,2006,0.8879245597930402,Overall Accuracy,All
22,2007,0.8886245042788562,Overall Accuracy,All
23,2008,0.8889120814895216,Overall Accuracy,All
24,2009,0.8892461891835456,Overall Accuracy,All
25,2010,0.8876911506643269,Overall Accuracy,All
26,2011,0.8866733550706463,Overall Accuracy,All
27,2012,0.8877691825214301,Overall Accuracy,All
28,2013,0.8889446605596687,Overall Accuracy,All
29,2014,0.8887537228910609,Overall Accuracy,All
30,2015,0.8902264500378819,Overall Accuracy,All
31,2016,0.8897657733699093,Overall Accuracy,All
32,2017,0.8910193865863488,Overall Accuracy,All
33,2018,0.8917130919220055,Overall Accuracy,All
34,2019,0.884853168469861,Overall Accuracy,All
35,2020,0.8836436453495803,Overall Accuracy,All
36,2021,0.8833244301994302,Overall Accuracy,All
0,1985,0.95,Accuracy User,Forest
1,1985,0.11,Accuracy User,Shrubland
2,1985,0.44,Accuracy User,Flooded Forest
3,1985,0.56,Accuracy User,Wetland
4,1985,0.63,Accuracy User,Natural Grassland
5,1985,0.57,Accuracy User,Pastureland
6,1985,0.06,Accuracy User,Cropland
7,1985,0.0,Accuracy User,Bareland and Impervious
8,1985,0.15,Accuracy User,Rock Outcrop
9,1985,0.89,Accuracy User,Water
10,1986,0.95,Accuracy User,Forest
11,1986,0.1,Accuracy User,Shrubland
12,1986,0.45,Accuracy User,Flooded Forest
13,1986,0.58,Accuracy User,Wetland
14,1986,0.58,Accuracy User,Natural Grassland
15,1986,0.59,Accuracy User,Pastureland
16,1986,0.11,Accuracy User,Cropland
17,1986,0.0,Accuracy User,Bareland and Impervious
18,1986,0.17,Accuracy User,Rock Outcrop
19,1986,0.89,Accuracy User,Water
20,1987,0.95,Accuracy User,Forest
21,1987,0.09,Accuracy User,Shrubland
22,1987,0.44,Accuracy User,Flooded Forest
23,1987,0.53,Accuracy User,Wetland
24,1987,0.56,Accuracy User,Natural Grassland
25,1987,0.61,Accuracy User,Pastureland
26,1987,0.1,Accuracy User,Cropland
27,1987,0.0,Accuracy User,Bareland and Impervious
28,1987,0.17,Accuracy User,Rock Outcrop
29,1987,0.91,Accuracy User,Water
30,1988,0.95,Accuracy User,Forest
31,1988,0.1,Accuracy User,Shrubland
32,1988,0.44,Accuracy User,Flooded Forest
33,1988,0.57,Accuracy User,Wetland
34,1988,0.54,Accuracy User,Natural Grassland
35,1988,0.63,Accuracy User,Pastureland
36,1988,0.05,Accuracy User,Cropland
37,1988,0.0,Accuracy User,Bareland and Impervious
38,1988,0.17,Accuracy User,Rock Outcrop
39,1988,0.9,Accuracy User,Water
40,1989,0.95,Accuracy User,Forest
41,1989,0.09,Accuracy User,Shrubland
42,1989,0.44,Accuracy User,Flooded Forest
43,1989,0.58,Accuracy User,Wetland
44,1989,0.55,Accuracy User,Natural Grassland
45,1989,0.62,Accuracy User,Pastureland
46,1989,0.09,Accuracy User,Cropland
47,1989,0.0,Accuracy User,Bareland and Impervious
48,1989,0.17,Accuracy User,Rock Outcrop
49,1989,0.91,Accuracy User,Water
50,1990,0.95,Accuracy User,Forest
51,1990,0.1,Accuracy User,Shrubland
52,1990,0.44,Accuracy User,Flooded Forest
53,1990,0.59,Accuracy User,Wetland
54,1990,0.57,Accuracy User,Natural Grassland
55,1990,0.61,Accuracy User,Pastureland
56,1990,0.12,Accuracy User,Cropland
57,1990,0.0,Accuracy User,Bareland and Impervious
58,1990,0.17,Accuracy User,Rock Outcrop
59,1990,0.91,Accuracy User,Water
60,1991,0.95,Accuracy User,Forest
61,1991,0.1,Accuracy User,Shrubland
62,1991,0.43,Accuracy User,Flooded Forest
63,1991,0.55,Accuracy User,Wetland
64,1991,0.55,Accuracy User,Natural Grassland
65,1991,0.64,Accuracy User,Pastureland
66,1991,0.08,Accuracy User,Cropland
67,1991,0.0,Accuracy User,Bareland and Impervious
68,1991,0.17,Accuracy User,Rock Outcrop
69,1991,0.92,Accuracy User,Water
70,1992,0.95,Accuracy User,Forest
71,1992,0.09,Accuracy User,Shrubland
72,1992,0.43,Accuracy User,Flooded Forest
73,1992,0.53,Accuracy User,Wetland
74,1992,0.58,Accuracy User,Natural Grassland
75,1992,0.66,Accuracy User,Pastureland
76,1992,0.07,Accuracy User,Cropland
77,1992,0.0,Accuracy User,Bareland and Impervious
78,1992,0.17,Accuracy User,Rock Outcrop
79,1992,0.9,Accuracy User,Water
80,1993,0.95,Accuracy User,Forest
81,1993,0.09,Accuracy User,Shrubland
82,1993,0.43,Accuracy User,Flooded Forest
83,1993,0.53,Accuracy User,Wetland
84,1993,0.56,Accuracy User,Natural Grassland
85,1993,0.67,Accuracy User,Pastureland
86,1993,0.07,Accuracy User,Cropland
87,1993,0.0,Accuracy User,Bareland and Impervious
88,1993,0.17,Accuracy User,Rock Outcrop
89,1993,0.91,Accuracy User,Water
90,1994,0.95,Accuracy User,Forest
91,1994,0.09,Accuracy User,Shrubland
92,1994,0.44,Accuracy User,Flooded Forest
93,1994,0.54,Accuracy User,Wetland
94,1994,0.55,Accuracy User,Natural Grassland
95,1994,0.69,Accuracy User,Pastureland
96,1994,0.06,Accuracy User,Cropland
97,1994,0.0,Accuracy User,Bareland and Impervious
98,1994,0.17,Accuracy User,Rock Outcrop
99,1994,0.91,Accuracy User,Water
100,1995,0.95,Accuracy User,Forest
101,1995,0.09,Accuracy User,Shrubland
102,1995,0.43,Accuracy User,Flooded Forest
103,1995,0.53,Accuracy User,Wetland
104,1995,0.55,Accuracy User,Natural Grassland
105,1995,0.71,Accuracy User,Pastureland
106,1995,0.03,Accuracy User,Cropland
107,1995,0.0,Accuracy User,Bareland and Impervious
108,1995,0.17,Accuracy User,Rock Outcrop
109,1995,0.91,Accuracy User,Water
110,1996,0.95,Accuracy User,Forest
111,1996,0.09,Accuracy User,Shrubland
112,1996,0.44,Accuracy User,Flooded Forest
113,1996,0.5,Accuracy User,Wetland
114,1996,0.55,Accuracy User,Natural Grassland
115,1996,0.74,Accuracy User,Pastureland
116,1996,0.07,Accuracy User,Cropland
117,1996,0.0,Accuracy User,Bareland and Impervious
118,1996,0.17,Accuracy User,Rock Outcrop
119,1996,0.9,Accuracy User,Water
120,1997,0.95,Accuracy User,Forest
121,1997,0.1,Accuracy User,Shrubland
122,1997,0.43,Accuracy User,Flooded Forest
123,1997,0.52,Accuracy User,Wetland
124,1997,0.56,Accuracy User,Natural Grassland
125,1997,0.75,Accuracy User,Pastureland
126,1997,0.13,Accuracy User,Cropland
127,1997,0.0,Accuracy User,Bareland and Impervious
128,1997,0.17,Accuracy User,Rock Outcrop
129,1997,0.91,Accuracy User,Water
130,1998,0.95,Accuracy User,Forest
131,1998,0.1,Accuracy User,Shrubland
132,1998,0.44,Accuracy User,Flooded Forest
133,1998,0.52,Accuracy User,Wetland
134,1998,0.55,Accuracy User,Natural Grassland
135,1998,0.78,Accuracy User,Pastureland
136,1998,0.15,Accuracy User,Cropland
137,1998,0.0,Accuracy User,Bareland and Impervious
138,1998,0.17,Accuracy User,Rock Outcrop
139,1998,0.9,Accuracy User,Water
140,1999,0.95,Accuracy User,Forest
141,1999,0.1,Accuracy User,Shrubland
142,1999,0.44,Accuracy User,Flooded Forest
143,1999,0.49,Accuracy User,Wetland
144,1999,0.54,Accuracy User,Natural Grassland
145,1999,0.8,Accuracy User,Pastureland
146,1999,0.23,Accuracy User,Cropland
147,1999,0.0,Accuracy User,Bareland and Impervious
148,1999,0.17,Accuracy User,Rock Outcrop
149,1999,0.92,Accuracy User,Water
150,2000,0.95,Accuracy User,Forest
151,2000,0.11,Accuracy User,Shrubland
152,2000,0.44,Accuracy User,Flooded Forest
153,2000,0.56,Accuracy User,Wetland
154,2000,0.56,Accuracy User,Natural Grassland
155,2000,0.8,Accuracy User,Pastureland
156,2000,0.28,Accuracy User,Cropland
157,2000,0.0,Accuracy User,Bareland and Impervious
158,2000,0.17,Accuracy User,Rock Outcrop
159,2000,0.91,Accuracy User,Water
160,2001,0.95,Accuracy User,Forest
161,2001,0.11,Accuracy User,Shrubland
162,2001,0.43,Accuracy User,Flooded Forest
163,2001,0.58,Accuracy User,Wetland
164,2001,0.57,Accuracy User,Natural Grassland
165,2001,0.81,Accuracy User,Pastureland
166,2001,0.32,Accuracy User,Cropland
167,2001,0.0,Accuracy User,Bareland and Impervious
168,2001,0.17,Accuracy User,Rock Outcrop
169,2001,0.91,Accuracy User,Water
170,2002,0.95,Accuracy User,Forest
171,2002,0.11,Accuracy User,Shrubland
172,2002,0.44,Accuracy User,Flooded Forest
173,2002,0.58,Accuracy User,Wetland
174,2002,0.58,Accuracy User,Natural Grassland
175,2002,0.79,Accuracy User,Pastureland
176,2002,0.25,Accuracy User,Cropland
177,2002,0.0,Accuracy User,Bareland and Impervious
178,2002,0.17,Accuracy User,Rock Outcrop
179,2002,0.92,Accuracy User,Water
180,2003,0.95,Accuracy User,Forest
181,2003,0.12,Accuracy User,Shrubland
182,2003,0.44,Accuracy User,Flooded Forest
183,2003,0.62,Accuracy User,Wetland
184,2003,0.57,Accuracy User,Natural Grassland
185,2003,0.81,Accuracy User,Pastureland
186,2003,0.31,Accuracy User,Cropland
187,2003,0.0,Accuracy User,Bareland and Impervious
188,2003,0.17,Accuracy User,Rock Outcrop
189,2003,0.91,Accuracy User,Water
190,2004,0.94,Accuracy User,Forest
191,2004,0.11,Accuracy User,Shrubland
192,2004,0.44,Accuracy User,Flooded Forest
193,2004,0.62,Accuracy User,Wetland
194,2004,0.57,Accuracy User,Natural Grassland
195,2004,0.81,Accuracy User,Pastureland
196,2004,0.41,Accuracy User,Cropland
197,2004,0.0,Accuracy User,Bareland and Impervious
198,2004,0.17,Accuracy User,Rock Outcrop
199,2004,0.92,Accuracy User,Water
200,2005,0.95,Accuracy User,Forest
201,2005,0.1,Accuracy User,Shrubland
202,2005,0.44,Accuracy User,Flooded Forest
203,2005,0.61,Accuracy User,Wetland
204,2005,0.57,Accuracy User,Natural Grassland
205,2005,0.81,Accuracy User,Pastureland
206,2005,0.51,Accuracy User,Cropland
207,2005,0.0,Accuracy User,Bareland and Impervious
208,2005,0.17,Accuracy User,Rock Outcrop
209,2005,0.91,Accuracy User,Water
210,2006,0.95,Accuracy User,Forest
211,2006,0.1,Accuracy User,Shrubland
212,2006,0.44,Accuracy User,Flooded Forest
213,2006,0.58,Accuracy User,Wetland
214,2006,0.58,Accuracy User,Natural Grassland
215,2006,0.82,Accuracy User,Pastureland
216,2006,0.53,Accuracy User,Cropland
217,2006,0.0,Accuracy User,Bareland and Impervious
218,2006,0.17,Accuracy User,Rock Outcrop
219,2006,0.91,Accuracy User,Water
220,2007,0.94,Accuracy User,Forest
221,2007,0.1,Accuracy User,Shrubland
222,2007,0.45,Accuracy User,Flooded Forest
223,2007,0.6,Accuracy User,Wetland
224,2007,0.57,Accuracy User,Natural Grassland
225,2007,0.83,Accuracy User,Pastureland
226,2007,0.53,Accuracy User,Cropland
227,2007,0.0,Accuracy User,Bareland and Impervious
228,2007,0.17,Accuracy User,Rock Outcrop
229,2007,0.93,Accuracy User,Water
230,2008,0.94,Accuracy User,Forest
231,2008,0.11,Accuracy User,Shrubland
232,2008,0.44,Accuracy User,Flooded Forest
233,2008,0.6,Accuracy User,Wetland
234,2008,0.57,Accuracy User,Natural Grassland
235,2008,0.84,Accuracy User,Pastureland
236,2008,0.59,Accuracy User,Cropland
237,2008,0.0,Accuracy User,Bareland and Impervious
238,2008,0.17,Accuracy User,Rock Outcrop
239,2008,0.92,Accuracy User,Water
240,2009,0.94,Accuracy User,Forest
241,2009,0.11,Accuracy User,Shrubland
242,2009,0.45,Accuracy User,Flooded Forest
243,2009,0.6,Accuracy User,Wetland
244,2009,0.58,Accuracy User,Natural Grassland
245,2009,0.84,Accuracy User,Pastureland
246,2009,0.62,Accuracy User,Cropland
247,2009,0.0,Accuracy User,Bareland and Impervious
248,2009,0.18,Accuracy User,Rock Outcrop
249,2009,0.92,Accuracy User,Water
250,2010,0.94,Accuracy User,Forest
251,2010,0.11,Accuracy User,Shrubland
252,2010,0.44,Accuracy User,Flooded Forest
253,2010,0.6,Accuracy User,Wetland
254,2010,0.56,Accuracy User,Natural Grassland
255,2010,0.84,Accuracy User,Pastureland
256,2010,0.6,Accuracy User,Cropland
257,2010,0.0,Accuracy User,Bareland and Impervious
258,2010,0.18,Accuracy User,Rock Outcrop
259,2010,0.91,Accuracy User,Water
260,2011,0.94,Accuracy User,Forest
261,2011,0.11,Accuracy User,Shrubland
262,2011,0.44,Accuracy User,Flooded Forest
263,2011,0.62,Accuracy User,Wetland
264,2011,0.55,Accuracy User,Natural Grassland
265,2011,0.83,Accuracy User,Pastureland
266,2011,0.61,Accuracy User,Cropland
267,2011,0.0,Accuracy User,Bareland and Impervious
268,2011,0.18,Accuracy User,Rock Outcrop
269,2011,0.91,Accuracy User,Water
270,2012,0.94,Accuracy User,Forest
271,2012,0.12,Accuracy User,Shrubland
272,2012,0.44,Accuracy User,Flooded Forest
273,2012,0.55,Accuracy User,Wetland
274,2012,0.58,Accuracy User,Natural Grassland
275,2012,0.84,Accuracy User,Pastureland
276,2012,0.64,Accuracy User,Cropland
277,2012,0.0,Accuracy User,Bareland and Impervious
278,2012,0.18,Accuracy User,Rock Outcrop
279,2012,0.92,Accuracy User,Water
280,2013,0.94,Accuracy User,Forest
281,2013,0.15,Accuracy User,Shrubland
282,2013,0.44,Accuracy User,Flooded Forest
283,2013,0.57,Accuracy User,Wetland
284,2013,0.63,Accuracy User,Natural Grassland
285,2013,0.83,Accuracy User,Pastureland
286,2013,0.67,Accuracy User,Cropland
287,2013,0.0,Accuracy User,Bareland and Impervious
288,2013,0.18,Accuracy User,Rock Outcrop
289,2013,0.92,Accuracy User,Water
290,2014,0.94,Accuracy User,Forest
291,2014,0.15,Accuracy User,Shrubland
292,2014,0.44,Accuracy User,Flooded Forest
293,2014,0.56,Accuracy User,Wetland
294,2014,0.64,Accuracy User,Natural Grassland
295,2014,0.83,Accuracy User,Pastureland
296,2014,0.68,Accuracy User,Cropland
297,2014,0.0,Accuracy User,Bareland and Impervious
298,2014,0.18,Accuracy User,Rock Outcrop
299,2014,0.9,Accuracy User,Water
300,2015,0.94,Accuracy User,Forest
301,2015,0.14,Accuracy User,Shrubland
302,2015,0.45,Accuracy User,Flooded Forest
303,2015,0.55,Accuracy User,Wetland
304,2015,0.66,Accuracy User,Natural Grassland
305,2015,0.84,Accuracy User,Pastureland
306,2015,0.68,Accuracy User,Cropland
307,2015,0.0,Accuracy User,Bareland and Impervious
308,2015,0.18,Accuracy User,Rock Outcrop
309,2015,0.91,Accuracy User,Water
310,2016,0.94,Accuracy User,Forest
311,2016,0.14,Accuracy User,Shrubland
312,2016,0.45,Accuracy User,Flooded Forest
313,2016,0.56,Accuracy User,Wetland
314,2016,0.67,Accuracy User,Natural Grassland
315,2016,0.84,Accuracy User,Pastureland
316,2016,0.67,Accuracy User,Cropland
317,2016,0.0,Accuracy User,Bareland and Impervious
318,2016,0.18,Accuracy User,Rock Outcrop
319,2016,0.9,Accuracy User,Water
320,2017,0.95,Accuracy User,Forest
321,2017,0.13,Accuracy User,Shrubland
322,2017,0.44,Accuracy User,Flooded Forest
323,2017,0.56,Accuracy User,Wetland
324,2017,0.69,Accuracy User,Natural Grassland
325,2017,0.84,Accuracy User,Pastureland
326,2017,0.67,Accuracy User,Cropland
327,2017,0.0,Accuracy User,Bareland and Impervious
328,2017,0.18,Accuracy User,Rock Outcrop
329,2017,0.9,Accuracy User,Water
330,2018,0.95,Accuracy User,Forest
331,2018,0.13,Accuracy User,Shrubland
332,2018,0.45,Accuracy User,Flooded Forest
333,2018,0.58,Accuracy User,Wetland
334,2018,0.7,Accuracy User,Natural Grassland
335,2018,0.84,Accuracy User,Pastureland
336,2018,0.68,Accuracy User,Cropland
337,2018,0.0,Accuracy User,Bareland and Impervious
338,2018,0.18,Accuracy User,Rock Outcrop
339,2018,0.9,Accuracy User,Water
340,2019,0.94,Accuracy User,Forest
341,2019,0.12,Accuracy User,Shrubland
342,2019,0.44,Accuracy User,Flooded Forest
343,2019,0.64,Accuracy User,Wetland
344,2019,0.68,Accuracy User,Natural Grassland
345,2019,0.85,Accuracy User,Pastureland
346,2019,0.6,Accuracy User,Cropland
347,2019,0.0,Accuracy User,Bareland and Impervious
348,2019,0.18,Accuracy User,Rock Outcrop
349,2019,0.89,Accuracy User,Water
350,2020,0.94,Accuracy User,Forest
351,2020,0.11,Accuracy User,Shrubland
352,2020,0.43,Accuracy User,Flooded Forest
353,2020,0.64,Accuracy User,Wetland
354,2020,0.66,Accuracy User,Natural Grassland
355,2020,0.86,Accuracy User,Pastureland
356,2020,0.61,Accuracy User,Cropland
357,2020,0.0,Accuracy User,Bareland and Impervious
358,2020,0.18,Accuracy User,Rock Outcrop
359,2020,0.89,Accuracy User,Water
360,2021,0.94,Accuracy User,Forest
361,2021,0.13,Accuracy User,Shrubland
362,2021,0.42,Accuracy User,Flooded Forest
363,2021,0.63,Accuracy User,Wetland
364,2021,0.66,Accuracy User,Natural Grassland
365,2021,0.86,Accuracy User,Pastureland
366,2021,0.61,Accuracy User,Cropland
367,2021,0.0,Accuracy User,Bareland and Impervious
368,2021,0.18,Accuracy User,Rock Outcrop
369,2021,0.9,Accuracy User,Water
370,1985,0.97,Accuracy Producer,Forest
371,1985,0.33,Accuracy Producer,Shrubland
372,1985,0.19,Accuracy Producer,Flooded Forest
373,1985,0.26,Accuracy Producer,Wetland
374,1985,0.58,Accuracy Producer,Natural Grassland
375,1985,0.83,Accuracy Producer,Pastureland
376,1985,0.14,Accuracy Producer,Cropland
377,1985,0.0,Accuracy Producer,Bareland and Impervious
378,1985,0.17,Accuracy Producer,Rock Outcrop
379,1985,0.84,Accuracy Producer,Water
380,1986,0.97,Accuracy Producer,Forest
381,1986,0.33,Accuracy Producer,Shrubland
382,1986,0.17,Accuracy Producer,Flooded Forest
383,1986,0.23,Accuracy Producer,Wetland
384,1986,0.59,Accuracy Producer,Natural Grassland
385,1986,0.85,Accuracy Producer,Pastureland
386,1986,0.29,Accuracy Producer,Cropland
387,1986,0.0,Accuracy Producer,Bareland and Impervious
388,1986,0.19,Accuracy Producer,Rock Outcrop
389,1986,0.81,Accuracy Producer,Water
390,1987,0.97,Accuracy Producer,Forest
391,1987,0.3,Accuracy Producer,Shrubland
392,1987,0.17,Accuracy Producer,Flooded Forest
393,1987,0.21,Accuracy Producer,Wetland
394,1987,0.59,Accuracy Producer,Natural Grassland
395,1987,0.89,Accuracy Producer,Pastureland
396,1987,0.4,Accuracy Producer,Cropland
397,1987,0.0,Accuracy Producer,Bareland and Impervious
398,1987,0.19,Accuracy Producer,Rock Outcrop
399,1987,0.81,Accuracy Producer,Water
400,1988,0.96,Accuracy Producer,Forest
401,1988,0.31,Accuracy Producer,Shrubland
402,1988,0.16,Accuracy Producer,Flooded Forest
403,1988,0.21,Accuracy Producer,Wetland
404,1988,0.59,Accuracy Producer,Natural Grassland
405,1988,0.88,Accuracy Producer,Pastureland
406,1988,0.33,Accuracy Producer,Cropland
407,1988,0.0,Accuracy Producer,Bareland and Impervious
408,1988,0.19,Accuracy Producer,Rock Outcrop
409,1988,0.82,Accuracy Producer,Water
410,1989,0.96,Accuracy Producer,Forest
411,1989,0.33,Accuracy Producer,Shrubland
412,1989,0.16,Accuracy Producer,Flooded Forest
413,1989,0.21,Accuracy Producer,Wetland
414,1989,0.59,Accuracy Producer,Natural Grassland
415,1989,0.88,Accuracy Producer,Pastureland
416,1989,0.4,Accuracy Producer,Cropland
417,1989,0.0,Accuracy Producer,Bareland and Impervious
418,1989,0.19,Accuracy Producer,Rock Outcrop
419,1989,0.82,Accuracy Producer,Water
420,1990,0.96,Accuracy Producer,Forest
421,1990,0.33,Accuracy Producer,Shrubland
422,1990,0.16,Accuracy Producer,Flooded Forest
423,1990,0.22,Accuracy Producer,Wetland
424,1990,0.6,Accuracy Producer,Natural Grassland
425,1990,0.88,Accuracy Producer,Pastureland
426,1990,0.5,Accuracy Producer,Cropland
427,1990,0.0,Accuracy Producer,Bareland and Impervious
428,1990,0.19,Accuracy Producer,Rock Outcrop
429,1990,0.81,Accuracy Producer,Water
430,1991,0.96,Accuracy Producer,Forest
431,1991,0.34,Accuracy Producer,Shrubland
432,1991,0.16,Accuracy Producer,Flooded Forest
433,1991,0.21,Accuracy Producer,Wetland
434,1991,0.59,Accuracy Producer,Natural Grassland
435,1991,0.9,Accuracy Producer,Pastureland
436,1991,0.33,Accuracy Producer,Cropland
437,1991,0.0,Accuracy Producer,Bareland and Impervious
438,1991,0.19,Accuracy Producer,Rock Outcrop
439,1991,0.77,Accuracy Producer,Water
440,1992,0.96,Accuracy Producer,Forest
441,1992,0.32,Accuracy Producer,Shrubland
442,1992,0.16,Accuracy Producer,Flooded Forest
443,1992,0.21,Accuracy Producer,Wetland
444,1992,0.6,Accuracy Producer,Natural Grassland
445,1992,0.88,Accuracy Producer,Pastureland
446,1992,0.4,Accuracy Producer,Cropland
447,1992,0.0,Accuracy Producer,Bareland and Impervious
448,1992,0.19,Accuracy Producer,Rock Outcrop
449,1992,0.77,Accuracy Producer,Water
450,1993,0.96,Accuracy Producer,Forest
451,1993,0.32,Accuracy Producer,Shrubland
452,1993,0.16,Accuracy Producer,Flooded Forest
453,1993,0.21,Accuracy Producer,Wetland
454,1993,0.6,Accuracy Producer,Natural Grassland
455,1993,0.9,Accuracy Producer,Pastureland
456,1993,0.67,Accuracy Producer,Cropland
457,1993,0.0,Accuracy Producer,Bareland and Impervious
458,1993,0.19,Accuracy Producer,Rock Outcrop
459,1993,0.78,Accuracy Producer,Water
460,1994,0.96,Accuracy Producer,Forest
461,1994,0.33,Accuracy Producer,Shrubland
462,1994,0.16,Accuracy Producer,Flooded Forest
463,1994,0.2,Accuracy Producer,Wetland
464,1994,0.58,Accuracy Producer,Natural Grassland
465,1994,0.91,Accuracy Producer,Pastureland
466,1994,0.25,Accuracy Producer,Cropland
467,1994,0.0,Accuracy Producer,Bareland and Impervious
468,1994,0.19,Accuracy Producer,Rock Outcrop
469,1994,0.81,Accuracy Producer,Water
470,1995,0.96,Accuracy Producer,Forest
471,1995,0.32,Accuracy Producer,Shrubland
472,1995,0.16,Accuracy Producer,Flooded Forest
473,1995,0.2,Accuracy Producer,Wetland
474,1995,0.59,Accuracy Producer,Natural Grassland
475,1995,0.91,Accuracy Producer,Pastureland
476,1995,0.17,Accuracy Producer,Cropland
477,1995,0.0,Accuracy Producer,Bareland and Impervious
478,1995,0.19,Accuracy Producer,Rock Outcrop
479,1995,0.81,Accuracy Producer,Water
480,1996,0.96,Accuracy Producer,Forest
481,1996,0.32,Accuracy Producer,Shrubland
482,1996,0.16,Accuracy Producer,Flooded Forest
483,1996,0.2,Accuracy Producer,Wetland
484,1996,0.59,Accuracy Producer,Natural Grassland
485,1996,0.91,Accuracy Producer,Pastureland
486,1996,0.6,Accuracy Producer,Cropland
487,1996,0.0,Accuracy Producer,Bareland and Impervious
488,1996,0.19,Accuracy Producer,Rock Outcrop
489,1996,0.77,Accuracy Producer,Water
490,1997,0.96,Accuracy Producer,Forest
491,1997,0.32,Accuracy Producer,Shrubland
492,1997,0.16,Accuracy Producer,Flooded Forest
493,1997,0.21,Accuracy Producer,Wetland
494,1997,0.59,Accuracy Producer,Natural Grassland
495,1997,0.92,Accuracy Producer,Pastureland
496,1997,0.67,Accuracy Producer,Cropland
497,1997,0.0,Accuracy Producer,Bareland and Impervious
498,1997,0.19,Accuracy Producer,Rock Outcrop
499,1997,0.77,Accuracy Producer,Water
500,1998,0.97,Accuracy Producer,Forest
501,1998,0.34,Accuracy Producer,Shrubland
502,1998,0.16,Accuracy Producer,Flooded Forest
503,1998,0.2,Accuracy Producer,Wetland
504,1998,0.58,Accuracy Producer,Natural Grassland
505,1998,0.91,Accuracy Producer,Pastureland
506,1998,0.62,Accuracy Producer,Cropland
507,1998,0.0,Accuracy Producer,Bareland and Impervious
508,1998,0.19,Accuracy Producer,Rock Outcrop
509,1998,0.81,Accuracy Producer,Water
510,1999,0.97,Accuracy Producer,Forest
511,1999,0.35,Accuracy Producer,Shrubland
512,1999,0.16,Accuracy Producer,Flooded Forest
513,1999,0.2,Accuracy Producer,Wetland
514,1999,0.58,Accuracy Producer,Natural Grassland
515,1999,0.91,Accuracy Producer,Pastureland
516,1999,0.68,Accuracy Producer,Cropland
517,1999,0.0,Accuracy Producer,Bareland and Impervious
518,1999,0.19,Accuracy Producer,Rock Outcrop
519,1999,0.76,Accuracy Producer,Water
520,2000,0.97,Accuracy Producer,Forest
521,2000,0.34,Accuracy Producer,Shrubland
522,2000,0.16,Accuracy Producer,Flooded Forest
523,2000,0.22,Accuracy Producer,Wetland
524,2000,0.58,Accuracy Producer,Natural Grassland
525,2000,0.9,Accuracy Producer,Pastureland
526,2000,0.68,Accuracy Producer,Cropland
527,2000,0.0,Accuracy Producer,Bareland and Impervious
528,2000,0.19,Accuracy Producer,Rock Outcrop
529,2000,0.86,Accuracy Producer,Water
530,2001,0.97,Accuracy Producer,Forest
531,2001,0.34,Accuracy Producer,Shrubland
532,2001,0.16,Accuracy Producer,Flooded Forest
533,2001,0.23,Accuracy Producer,Wetland
534,2001,0.58,Accuracy Producer,Natural Grassland
535,2001,0.91,Accuracy Producer,Pastureland
536,2001,0.76,Accuracy Producer,Cropland
537,2001,0.0,Accuracy Producer,Bareland and Impervious
538,2001,0.19,Accuracy Producer,Rock Outcrop
539,2001,0.87,Accuracy Producer,Water
540,2002,0.96,Accuracy Producer,Forest
541,2002,0.33,Accuracy Producer,Shrubland
542,2002,0.16,Accuracy Producer,Flooded Forest
543,2002,0.23,Accuracy Producer,Wetland
544,2002,0.59,Accuracy Producer,Natural Grassland
545,2002,0.91,Accuracy Producer,Pastureland
546,2002,0.77,Accuracy Producer,Cropland
547,2002,0.0,Accuracy Producer,Bareland and Impervious
548,2002,0.19,Accuracy Producer,Rock Outcrop
549,2002,0.88,Accuracy Producer,Water
550,2003,0.96,Accuracy Producer,Forest
551,2003,0.35,Accuracy Producer,Shrubland
552,2003,0.16,Accuracy Producer,Flooded Forest
553,2003,0.24,Accuracy Producer,Wetland
554,2003,0.58,Accuracy Producer,Natural Grassland
555,2003,0.91,Accuracy Producer,Pastureland
556,2003,0.64,Accuracy Producer,Cropland
557,2003,0.0,Accuracy Producer,Bareland and Impervious
558,2003,0.19,Accuracy Producer,Rock Outcrop
559,2003,0.9,Accuracy Producer,Water
560,2004,0.96,Accuracy Producer,Forest
561,2004,0.35,Accuracy Producer,Shrubland
562,2004,0.16,Accuracy Producer,Flooded Forest
563,2004,0.23,Accuracy Producer,Wetland
564,2004,0.59,Accuracy Producer,Natural Grassland
565,2004,0.91,Accuracy Producer,Pastureland
566,2004,0.6,Accuracy Producer,Cropland
567,2004,0.0,Accuracy Producer,Bareland and Impervious
568,2004,0.19,Accuracy Producer,Rock Outcrop
569,2004,0.89,Accuracy Producer,Water
570,2005,0.96,Accuracy Producer,Forest
571,2005,0.32,Accuracy Producer,Shrubland
572,2005,0.16,Accuracy Producer,Flooded Forest
573,2005,0.23,Accuracy Producer,Wetland
574,2005,0.58,Accuracy Producer,Natural Grassland
575,2005,0.92,Accuracy Producer,Pastureland
576,2005,0.68,Accuracy Producer,Cropland
577,2005,0.0,Accuracy Producer,Bareland and Impervious
578,2005,0.19,Accuracy Producer,Rock Outcrop
579,2005,0.88,Accuracy Producer,Water
580,2006,0.96,Accuracy Producer,Forest
581,2006,0.32,Accuracy Producer,Shrubland
582,2006,0.16,Accuracy Producer,Flooded Forest
583,2006,0.23,Accuracy Producer,Wetland
584,2006,0.58,Accuracy Producer,Natural Grassland
585,2006,0.92,Accuracy Producer,Pastureland
586,2006,0.72,Accuracy Producer,Cropland
587,2006,0.0,Accuracy Producer,Bareland and Impervious
588,2006,0.19,Accuracy Producer,Rock Outcrop
589,2006,0.88,Accuracy Producer,Water
590,2007,0.96,Accuracy Producer,Forest
591,2007,0.36,Accuracy Producer,Shrubland
592,2007,0.17,Accuracy Producer,Flooded Forest
593,2007,0.23,Accuracy Producer,Wetland
594,2007,0.59,Accuracy Producer,Natural Grassland
595,2007,0.92,Accuracy Producer,Pastureland
596,2007,0.77,Accuracy Producer,Cropland
597,2007,0.0,Accuracy Producer,Bareland and Impervious
598,2007,0.19,Accuracy Producer,Rock Outcrop
599,2007,0.87,Accuracy Producer,Water
600,2008,0.96,Accuracy Producer,Forest
601,2008,0.36,Accuracy Producer,Shrubland
602,2008,0.17,Accuracy Producer,Flooded Forest
603,2008,0.23,Accuracy Producer,Wetland
604,2008,0.58,Accuracy Producer,Natural Grassland
605,2008,0.92,Accuracy Producer,Pastureland
606,2008,0.76,Accuracy Producer,Cropland
607,2008,0.0,Accuracy Producer,Bareland and Impervious
608,2008,0.19,Accuracy Producer,Rock Outcrop
609,2008,0.87,Accuracy Producer,Water
610,2009,0.97,Accuracy Producer,Forest
611,2009,0.35,Accuracy Producer,Shrubland
612,2009,0.17,Accuracy Producer,Flooded Forest
613,2009,0.23,Accuracy Producer,Wetland
614,2009,0.59,Accuracy Producer,Natural Grassland
615,2009,0.92,Accuracy Producer,Pastureland
616,2009,0.78,Accuracy Producer,Cropland
617,2009,0.0,Accuracy Producer,Bareland and Impervious
618,2009,0.19,Accuracy Producer,Rock Outcrop
619,2009,0.85,Accuracy Producer,Water
620,2010,0.96,Accuracy Producer,Forest
621,2010,0.34,Accuracy Producer,Shrubland
622,2010,0.16,Accuracy Producer,Flooded Forest
623,2010,0.23,Accuracy Producer,Wetland
624,2010,0.57,Accuracy Producer,Natural Grassland
625,2010,0.92,Accuracy Producer,Pastureland
626,2010,0.77,Accuracy Producer,Cropland
627,2010,0.0,Accuracy Producer,Bareland and Impervious
628,2010,0.19,Accuracy Producer,Rock Outcrop
629,2010,0.88,Accuracy Producer,Water
630,2011,0.96,Accuracy Producer,Forest
631,2011,0.35,Accuracy Producer,Shrubland
632,2011,0.16,Accuracy Producer,Flooded Forest
633,2011,0.23,Accuracy Producer,Wetland
634,2011,0.57,Accuracy Producer,Natural Grassland
635,2011,0.92,Accuracy Producer,Pastureland
636,2011,0.77,Accuracy Producer,Cropland
637,2011,0.0,Accuracy Producer,Bareland and Impervious
638,2011,0.19,Accuracy Producer,Rock Outcrop
639,2011,0.87,Accuracy Producer,Water
640,2012,0.96,Accuracy Producer,Forest
641,2012,0.32,Accuracy Producer,Shrubland
642,2012,0.16,Accuracy Producer,Flooded Forest
643,2012,0.22,Accuracy Producer,Wetland
644,2012,0.57,Accuracy Producer,Natural Grassland
645,2012,0.92,Accuracy Producer,Pastureland
646,2012,0.8,Accuracy Producer,Cropland
647,2012,0.0,Accuracy Producer,Bareland and Impervious
648,2012,0.19,Accuracy Producer,Rock Outcrop
649,2012,0.88,Accuracy Producer,Water
650,2013,0.96,Accuracy Producer,Forest
651,2013,0.37,Accuracy Producer,Shrubland
652,2013,0.17,Accuracy Producer,Flooded Forest
653,2013,0.26,Accuracy Producer,Wetland
654,2013,0.59,Accuracy Producer,Natural Grassland
655,2013,0.92,Accuracy Producer,Pastureland
656,2013,0.79,Accuracy Producer,Cropland
657,2013,0.0,Accuracy Producer,Bareland and Impervious
658,2013,0.19,Accuracy Producer,Rock Outcrop
659,2013,0.9,Accuracy Producer,Water
660,2014,0.96,Accuracy Producer,Forest
661,2014,0.36,Accuracy Producer,Shrubland
662,2014,0.17,Accuracy Producer,Flooded Forest
663,2014,0.26,Accuracy Producer,Wetland
664,2014,0.58,Accuracy Producer,Natural Grassland
665,2014,0.92,Accuracy Producer,Pastureland
666,2014,0.83,Accuracy Producer,Cropland
667,2014,0.0,Accuracy Producer,Bareland and Impervious
668,2014,0.19,Accuracy Producer,Rock Outcrop
669,2014,0.9,Accuracy Producer,Water
670,2015,0.96,Accuracy Producer,Forest
671,2015,0.35,Accuracy Producer,Shrubland
672,2015,0.17,Accuracy Producer,Flooded Forest
673,2015,0.26,Accuracy Producer,Wetland
674,2015,0.58,Accuracy Producer,Natural Grassland
675,2015,0.92,Accuracy Producer,Pastureland
676,2015,0.84,Accuracy Producer,Cropland
677,2015,0.0,Accuracy Producer,Bareland and Impervious
678,2015,0.19,Accuracy Producer,Rock Outcrop
679,2015,0.91,Accuracy Producer,Water
680,2016,0.96,Accuracy Producer,Forest
681,2016,0.34,Accuracy Producer,Shrubland
682,2016,0.17,Accuracy Producer,Flooded Forest
683,2016,0.27,Accuracy Producer,Wetland
684,2016,0.58,Accuracy Producer,Natural Grassland
685,2016,0.91,Accuracy Producer,Pastureland
686,2016,0.85,Accuracy Producer,Cropland
687,2016,0.0,Accuracy Producer,Bareland and Impervious
688,2016,0.19,Accuracy Producer,Rock Outcrop
689,2016,0.92,Accuracy Producer,Water
690,2017,0.96,Accuracy Producer,Forest
691,2017,0.35,Accuracy Producer,Shrubland
692,2017,0.17,Accuracy Producer,Flooded Forest
693,2017,0.28,Accuracy Producer,Wetland
694,2017,0.58,Accuracy Producer,Natural Grassland
695,2017,0.91,Accuracy Producer,Pastureland
696,2017,0.84,Accuracy Producer,Cropland
697,2017,0.0,Accuracy Producer,Bareland and Impervious
698,2017,0.19,Accuracy Producer,Rock Outcrop
699,2017,0.92,Accuracy Producer,Water
700,2018,0.96,Accuracy Producer,Forest
701,2018,0.34,Accuracy Producer,Shrubland
702,2018,0.18,Accuracy Producer,Flooded Forest
703,2018,0.31,Accuracy Producer,Wetland
704,2018,0.57,Accuracy Producer,Natural Grassland
705,2018,0.92,Accuracy Producer,Pastureland
706,2018,0.87,Accuracy Producer,Cropland
707,2018,0.0,Accuracy Producer,Bareland and Impervious
708,2018,0.19,Accuracy Producer,Rock Outcrop
709,2018,0.93,Accuracy Producer,Water
710,2019,0.96,Accuracy Producer,Forest
711,2019,0.31,Accuracy Producer,Shrubland
712,2019,0.18,Accuracy Producer,Flooded Forest
713,2019,0.33,Accuracy Producer,Wetland
714,2019,0.54,Accuracy Producer,Natural Grassland
715,2019,0.88,Accuracy Producer,Pastureland
716,2019,0.85,Accuracy Producer,Cropland
717,2019,0.0,Accuracy Producer,Bareland and Impervious
718,2019,0.19,Accuracy Producer,Rock Outcrop
719,2019,0.95,Accuracy Producer,Water
720,2020,0.97,Accuracy Producer,Forest
721,2020,0.3,Accuracy Producer,Shrubland
722,2020,0.18,Accuracy Producer,Flooded Forest
723,2020,0.33,Accuracy Producer,Wetland
724,2020,0.54,Accuracy Producer,Natural Grassland
725,2020,0.87,Accuracy Producer,Pastureland
726,2020,0.88,Accuracy Producer,Cropland
727,2020,0.0,Accuracy Producer,Bareland and Impervious
728,2020,0.19,Accuracy Producer,Rock Outcrop
729,2020,0.95,Accuracy Producer,Water
730,2021,0.96,Accuracy Producer,Forest
731,2021,0.34,Accuracy Producer,Shrubland
732,2021,0.18,Accuracy Producer,Flooded Forest
733,2021,0.32,Accuracy Producer,Wetland
734,2021,0.54,Accuracy Producer,Natural Grassland
735,2021,0.87,Accuracy Producer,Pastureland
736,2021,0.87,Accuracy Producer,Cropland
737,2021,0.0,Accuracy Producer,Bareland and Impervious
738,2021,0.19,Accuracy Producer,Rock Outcrop
739,2021,0.92,Accuracy Producer,Water
740,1985,0.05,Comission Error,Forest
741,1985,0.89,Comission Error,Shrubland
742,1985,0.56,Comission Error,Flooded Forest
743,1985,0.44,Comission Error,Wetland
744,1985,0.37,Comission Error,Natural Grassland
745,1985,0.43,Comission Error,Pastureland
746,1985,0.94,Comission Error,Cropland
747,1985,1.0,Comission Error,Bareland and Impervious
748,1985,0.85,Comission Error,Rock Outcrop
749,1985,0.11,Comission Error,Water
750,1986,0.05,Comission Error,Forest
751,1986,0.9,Comission Error,Shrubland
752,1986,0.55,Comission Error,Flooded Forest
753,1986,0.42,Comission Error,Wetland
754,1986,0.42,Comission Error,Natural Grassland
755,1986,0.41,Comission Error,Pastureland
756,1986,0.89,Comission Error,Cropland
757,1986,1.0,Comission Error,Bareland and Impervious
758,1986,0.83,Comission Error,Rock Outcrop
759,1986,0.11,Comission Error,Water
760,1987,0.05,Comission Error,Forest
761,1987,0.91,Comission Error,Shrubland
762,1987,0.56,Comission Error,Flooded Forest
763,1987,0.47,Comission Error,Wetland
764,1987,0.44,Comission Error,Natural Grassland
765,1987,0.39,Comission Error,Pastureland
766,1987,0.9,Comission Error,Cropland
767,1987,1.0,Comission Error,Bareland and Impervious
768,1987,0.83,Comission Error,Rock Outcrop
769,1987,0.09,Comission Error,Water
770,1988,0.05,Comission Error,Forest
771,1988,0.9,Comission Error,Shrubland
772,1988,0.56,Comission Error,Flooded Forest
773,1988,0.43,Comission Error,Wetland
774,1988,0.46,Comission Error,Natural Grassland
775,1988,0.37,Comission Error,Pastureland
776,1988,0.95,Comission Error,Cropland
777,1988,1.0,Comission Error,Bareland and Impervious
778,1988,0.83,Comission Error,Rock Outcrop
779,1988,0.1,Comission Error,Water
780,1989,0.05,Comission Error,Forest
781,1989,0.91,Comission Error,Shrubland
782,1989,0.56,Comission Error,Flooded Forest
783,1989,0.42,Comission Error,Wetland
784,1989,0.45,Comission Error,Natural Grassland
785,1989,0.38,Comission Error,Pastureland
786,1989,0.91,Comission Error,Cropland
787,1989,1.0,Comission Error,Bareland and Impervious
788,1989,0.83,Comission Error,Rock Outcrop
789,1989,0.09,Comission Error,Water
790,1990,0.05,Comission Error,Forest
791,1990,0.9,Comission Error,Shrubland
792,1990,0.56,Comission Error,Flooded Forest
793,1990,0.41,Comission Error,Wetland
794,1990,0.43,Comission Error,Natural Grassland
795,1990,0.39,Comission Error,Pastureland
796,1990,0.88,Comission Error,Cropland
797,1990,1.0,Comission Error,Bareland and Impervious
798,1990,0.83,Comission Error,Rock Outcrop
799,1990,0.09,Comission Error,Water
800,1991,0.05,Comission Error,Forest
801,1991,0.9,Comission Error,Shrubland
802,1991,0.57,Comission Error,Flooded Forest
803,1991,0.45,Comission Error,Wetland
804,1991,0.45,Comission Error,Natural Grassland
805,1991,0.36,Comission Error,Pastureland
806,1991,0.92,Comission Error,Cropland
807,1991,1.0,Comission Error,Bareland and Impervious
808,1991,0.83,Comission Error,Rock Outcrop
809,1991,0.08,Comission Error,Water
810,1992,0.05,Comission Error,Forest
811,1992,0.91,Comission Error,Shrubland
812,1992,0.57,Comission Error,Flooded Forest
813,1992,0.47,Comission Error,Wetland
814,1992,0.42,Comission Error,Natural Grassland
815,1992,0.34,Comission Error,Pastureland
816,1992,0.93,Comission Error,Cropland
817,1992,1.0,Comission Error,Bareland and Impervious
818,1992,0.83,Comission Error,Rock Outcrop
819,1992,0.1,Comission Error,Water
820,1993,0.05,Comission Error,Forest
821,1993,0.91,Comission Error,Shrubland
822,1993,0.57,Comission Error,Flooded Forest
823,1993,0.47,Comission Error,Wetland
824,1993,0.44,Comission Error,Natural Grassland
825,1993,0.33,Comission Error,Pastureland
826,1993,0.93,Comission Error,Cropland
827,1993,1.0,Comission Error,Bareland and Impervious
828,1993,0.83,Comission Error,Rock Outcrop
829,1993,0.09,Comission Error,Water
830,1994,0.05,Comission Error,Forest
831,1994,0.91,Comission Error,Shrubland
832,1994,0.56,Comission Error,Flooded Forest
833,1994,0.46,Comission Error,Wetland
834,1994,0.45,Comission Error,Natural Grassland
835,1994,0.31,Comission Error,Pastureland
836,1994,0.94,Comission Error,Cropland
837,1994,1.0,Comission Error,Bareland and Impervious
838,1994,0.83,Comission Error,Rock Outcrop
839,1994,0.09,Comission Error,Water
840,1995,0.05,Comission Error,Forest
841,1995,0.91,Comission Error,Shrubland
842,1995,0.57,Comission Error,Flooded Forest
843,1995,0.47,Comission Error,Wetland
844,1995,0.45,Comission Error,Natural Grassland
845,1995,0.29,Comission Error,Pastureland
846,1995,0.97,Comission Error,Cropland
847,1995,1.0,Comission Error,Bareland and Impervious
848,1995,0.83,Comission Error,Rock Outcrop
849,1995,0.09,Comission Error,Water
850,1996,0.05,Comission Error,Forest
851,1996,0.91,Comission Error,Shrubland
852,1996,0.56,Comission Error,Flooded Forest
853,1996,0.5,Comission Error,Wetland
854,1996,0.45,Comission Error,Natural Grassland
855,1996,0.26,Comission Error,Pastureland
856,1996,0.93,Comission Error,Cropland
857,1996,1.0,Comission Error,Bareland and Impervious
858,1996,0.83,Comission Error,Rock Outcrop
859,1996,0.1,Comission Error,Water
860,1997,0.05,Comission Error,Forest
861,1997,0.9,Comission Error,Shrubland
862,1997,0.57,Comission Error,Flooded Forest
863,1997,0.48,Comission Error,Wetland
864,1997,0.44,Comission Error,Natural Grassland
865,1997,0.25,Comission Error,Pastureland
866,1997,0.87,Comission Error,Cropland
867,1997,1.0,Comission Error,Bareland and Impervious
868,1997,0.83,Comission Error,Rock Outcrop
869,1997,0.09,Comission Error,Water
870,1998,0.05,Comission Error,Forest
871,1998,0.9,Comission Error,Shrubland
872,1998,0.56,Comission Error,Flooded Forest
873,1998,0.48,Comission Error,Wetland
874,1998,0.45,Comission Error,Natural Grassland
875,1998,0.22,Comission Error,Pastureland
876,1998,0.85,Comission Error,Cropland
877,1998,1.0,Comission Error,Bareland and Impervious
878,1998,0.83,Comission Error,Rock Outcrop
879,1998,0.1,Comission Error,Water
880,1999,0.05,Comission Error,Forest
881,1999,0.9,Comission Error,Shrubland
882,1999,0.56,Comission Error,Flooded Forest
883,1999,0.51,Comission Error,Wetland
884,1999,0.46,Comission Error,Natural Grassland
885,1999,0.2,Comission Error,Pastureland
886,1999,0.77,Comission Error,Cropland
887,1999,1.0,Comission Error,Bareland and Impervious
888,1999,0.83,Comission Error,Rock Outcrop
889,1999,0.08,Comission Error,Water
890,2000,0.05,Comission Error,Forest
891,2000,0.89,Comission Error,Shrubland
892,2000,0.56,Comission Error,Flooded Forest
893,2000,0.44,Comission Error,Wetland
894,2000,0.44,Comission Error,Natural Grassland
895,2000,0.2,Comission Error,Pastureland
896,2000,0.72,Comission Error,Cropland
897,2000,1.0,Comission Error,Bareland and Impervious
898,2000,0.83,Comission Error,Rock Outcrop
899,2000,0.09,Comission Error,Water
900,2001,0.05,Comission Error,Forest
901,2001,0.89,Comission Error,Shrubland
902,2001,0.57,Comission Error,Flooded Forest
903,2001,0.42,Comission Error,Wetland
904,2001,0.43,Comission Error,Natural Grassland
905,2001,0.19,Comission Error,Pastureland
906,2001,0.68,Comission Error,Cropland
907,2001,1.0,Comission Error,Bareland and Impervious
908,2001,0.83,Comission Error,Rock Outcrop
909,2001,0.09,Comission Error,Water
910,2002,0.05,Comission Error,Forest
911,2002,0.89,Comission Error,Shrubland
912,2002,0.56,Comission Error,Flooded Forest
913,2002,0.42,Comission Error,Wetland
914,2002,0.42,Comission Error,Natural Grassland
915,2002,0.21,Comission Error,Pastureland
916,2002,0.75,Comission Error,Cropland
917,2002,1.0,Comission Error,Bareland and Impervious
918,2002,0.83,Comission Error,Rock Outcrop
919,2002,0.08,Comission Error,Water
920,2003,0.05,Comission Error,Forest
921,2003,0.88,Comission Error,Shrubland
922,2003,0.56,Comission Error,Flooded Forest
923,2003,0.38,Comission Error,Wetland
924,2003,0.43,Comission Error,Natural Grassland
925,2003,0.19,Comission Error,Pastureland
926,2003,0.69,Comission Error,Cropland
927,2003,1.0,Comission Error,Bareland and Impervious
928,2003,0.83,Comission Error,Rock Outcrop
929,2003,0.09,Comission Error,Water
930,2004,0.06,Comission Error,Forest
931,2004,0.89,Comission Error,Shrubland
932,2004,0.56,Comission Error,Flooded Forest
933,2004,0.38,Comission Error,Wetland
934,2004,0.43,Comission Error,Natural Grassland
935,2004,0.19,Comission Error,Pastureland
936,2004,0.59,Comission Error,Cropland
937,2004,1.0,Comission Error,Bareland and Impervious
938,2004,0.83,Comission Error,Rock Outcrop
939,2004,0.08,Comission Error,Water
940,2005,0.05,Comission Error,Forest
941,2005,0.9,Comission Error,Shrubland
942,2005,0.56,Comission Error,Flooded Forest
943,2005,0.39,Comission Error,Wetland
944,2005,0.43,Comission Error,Natural Grassland
945,2005,0.19,Comission Error,Pastureland
946,2005,0.49,Comission Error,Cropland
947,2005,1.0,Comission Error,Bareland and Impervious
948,2005,0.83,Comission Error,Rock Outcrop
949,2005,0.09,Comission Error,Water
950,2006,0.05,Comission Error,Forest
951,2006,0.9,Comission Error,Shrubland
952,2006,0.56,Comission Error,Flooded Forest
953,2006,0.42,Comission Error,Wetland
954,2006,0.42,Comission Error,Natural Grassland
955,2006,0.18,Comission Error,Pastureland
956,2006,0.47,Comission Error,Cropland
957,2006,1.0,Comission Error,Bareland and Impervious
958,2006,0.83,Comission Error,Rock Outcrop
959,2006,0.09,Comission Error,Water
960,2007,0.06,Comission Error,Forest
961,2007,0.9,Comission Error,Shrubland
962,2007,0.55,Comission Error,Flooded Forest
963,2007,0.4,Comission Error,Wetland
964,2007,0.43,Comission Error,Natural Grassland
965,2007,0.17,Comission Error,Pastureland
966,2007,0.47,Comission Error,Cropland
967,2007,1.0,Comission Error,Bareland and Impervious
968,2007,0.83,Comission Error,Rock Outcrop
969,2007,0.07,Comission Error,Water
970,2008,0.06,Comission Error,Forest
971,2008,0.89,Comission Error,Shrubland
972,2008,0.56,Comission Error,Flooded Forest
973,2008,0.4,Comission Error,Wetland
974,2008,0.43,Comission Error,Natural Grassland
975,2008,0.16,Comission Error,Pastureland
976,2008,0.41,Comission Error,Cropland
977,2008,1.0,Comission Error,Bareland and Impervious
978,2008,0.83,Comission Error,Rock Outcrop
979,2008,0.08,Comission Error,Water
980,2009,0.06,Comission Error,Forest
981,2009,0.89,Comission Error,Shrubland
982,2009,0.55,Comission Error,Flooded Forest
983,2009,0.4,Comission Error,Wetland
984,2009,0.42,Comission Error,Natural Grassland
985,2009,0.16,Comission Error,Pastureland
986,2009,0.38,Comission Error,Cropland
987,2009,1.0,Comission Error,Bareland and Impervious
988,2009,0.82,Comission Error,Rock Outcrop
989,2009,0.08,Comission Error,Water
990,2010,0.06,Comission Error,Forest
991,2010,0.89,Comission Error,Shrubland
992,2010,0.56,Comission Error,Flooded Forest
993,2010,0.4,Comission Error,Wetland
994,2010,0.44,Comission Error,Natural Grassland
995,2010,0.16,Comission Error,Pastureland
996,2010,0.4,Comission Error,Cropland
997,2010,1.0,Comission Error,Bareland and Impervious
998,2010,0.82,Comission Error,Rock Outcrop
999,2010,0.09,Comission Error,Water
1000,2011,0.06,Comission Error,Forest
1001,2011,0.89,Comission Error,Shrubland
1002,2011,0.56,Comission Error,Flooded Forest
1003,2011,0.38,Comission Error,Wetland
1004,2011,0.45,Comission Error,Natural Grassland
1005,2011,0.17,Comission Error,Pastureland
1006,2011,0.39,Comission Error,Cropland
1007,2011,1.0,Comission Error,Bareland and Impervious
1008,2011,0.82,Comission Error,Rock Outcrop
1009,2011,0.09,Comission Error,Water
1010,2012,0.06,Comission Error,Forest
1011,2012,0.88,Comission Error,Shrubland
1012,2012,0.56,Comission Error,Flooded Forest
1013,2012,0.45,Comission Error,Wetland
1014,2012,0.42,Comission Error,Natural Grassland
1015,2012,0.16,Comission Error,Pastureland
1016,2012,0.36,Comission Error,Cropland
1017,2012,1.0,Comission Error,Bareland and Impervious
1018,2012,0.82,Comission Error,Rock Outcrop
1019,2012,0.08,Comission Error,Water
1020,2013,0.06,Comission Error,Forest
1021,2013,0.85,Comission Error,Shrubland
1022,2013,0.56,Comission Error,Flooded Forest
1023,2013,0.43,Comission Error,Wetland
1024,2013,0.37,Comission Error,Natural Grassland
1025,2013,0.17,Comission Error,Pastureland
1026,2013,0.33,Comission Error,Cropland
1027,2013,1.0,Comission Error,Bareland and Impervious
1028,2013,0.82,Comission Error,Rock Outcrop
1029,2013,0.08,Comission Error,Water
1030,2014,0.06,Comission Error,Forest
1031,2014,0.85,Comission Error,Shrubland
1032,2014,0.56,Comission Error,Flooded Forest
1033,2014,0.44,Comission Error,Wetland
1034,2014,0.36,Comission Error,Natural Grassland
1035,2014,0.17,Comission Error,Pastureland
1036,2014,0.32,Comission Error,Cropland
1037,2014,1.0,Comission Error,Bareland and Impervious
1038,2014,0.82,Comission Error,Rock Outcrop
1039,2014,0.1,Comission Error,Water
1040,2015,0.06,Comission Error,Forest
1041,2015,0.86,Comission Error,Shrubland
1042,2015,0.55,Comission Error,Flooded Forest
1043,2015,0.45,Comission Error,Wetland
1044,2015,0.34,Comission Error,Natural Grassland
1045,2015,0.16,Comission Error,Pastureland
1046,2015,0.32,Comission Error,Cropland
1047,2015,1.0,Comission Error,Bareland and Impervious
1048,2015,0.82,Comission Error,Rock Outcrop
1049,2015,0.09,Comission Error,Water
1050,2016,0.06,Comission Error,Forest
1051,2016,0.86,Comission Error,Shrubland
1052,2016,0.55,Comission Error,Flooded Forest
1053,2016,0.44,Comission Error,Wetland
1054,2016,0.33,Comission Error,Natural Grassland
1055,2016,0.16,Comission Error,Pastureland
1056,2016,0.33,Comission Error,Cropland
1057,2016,1.0,Comission Error,Bareland and Impervious
1058,2016,0.82,Comission Error,Rock Outcrop
1059,2016,0.1,Comission Error,Water
1060,2017,0.05,Comission Error,Forest
1061,2017,0.87,Comission Error,Shrubland
1062,2017,0.56,Comission Error,Flooded Forest
1063,2017,0.44,Comission Error,Wetland
1064,2017,0.31,Comission Error,Natural Grassland
1065,2017,0.16,Comission Error,Pastureland
1066,2017,0.33,Comission Error,Cropland
1067,2017,1.0,Comission Error,Bareland and Impervious
1068,2017,0.82,Comission Error,Rock Outcrop
1069,2017,0.1,Comission Error,Water
1070,2018,0.05,Comission Error,Forest
1071,2018,0.87,Comission Error,Shrubland
1072,2018,0.55,Comission Error,Flooded Forest
1073,2018,0.42,Comission Error,Wetland
1074,2018,0.3,Comission Error,Natural Grassland
1075,2018,0.16,Comission Error,Pastureland
1076,2018,0.32,Comission Error,Cropland
1077,2018,1.0,Comission Error,Bareland and Impervious
1078,2018,0.82,Comission Error,Rock Outcrop
1079,2018,0.1,Comission Error,Water
1080,2019,0.06,Comission Error,Forest
1081,2019,0.88,Comission Error,Shrubland
1082,2019,0.56,Comission Error,Flooded Forest
1083,2019,0.36,Comission Error,Wetland
1084,2019,0.32,Comission Error,Natural Grassland
1085,2019,0.15,Comission Error,Pastureland
1086,2019,0.4,Comission Error,Cropland
1087,2019,1.0,Comission Error,Bareland and Impervious
1088,2019,0.82,Comission Error,Rock Outcrop
1089,2019,0.11,Comission Error,Water
1090,2020,0.06,Comission Error,Forest
1091,2020,0.89,Comission Error,Shrubland
1092,2020,0.57,Comission Error,Flooded Forest
1093,2020,0.36,Comission Error,Wetland
1094,2020,0.34,Comission Error,Natural Grassland
1095,2020,0.14,Comission Error,Pastureland
1096,2020,0.39,Comission Error,Cropland
1097,2020,1.0,Comission Error,Bareland and Impervious
1098,2020,0.82,Comission Error,Rock Outcrop
1099,2020,0.11,Comission Error,Water
1100,2021,0.06,Comission Error,Forest
1101,2021,0.87,Comission Error,Shrubland
1102,2021,0.58,Comission Error,Flooded Forest
1103,2021,0.37,Comission Error,Wetland
1104,2021,0.34,Comission Error,Natural Grassland
1105,2021,0.14,Comission Error,Pastureland
1106,2021,0.39,Comission Error,Cropland
1107,2021,1.0,Comission Error,Bareland and Impervious
1108,2021,0.82,Comission Error,Rock Outcrop
1109,2021,0.1,Comission Error,Water
1110,1985,0.03,Omission Error,Forest
1111,1985,0.67,Omission Error,Shrubland
1112,1985,0.81,Omission Error,Flooded Forest
1113,1985,0.74,Omission Error,Wetland
1114,1985,0.42,Omission Error,Natural Grassland
1115,1985,0.17,Omission Error,Pastureland
1116,1985,0.86,Omission Error,Cropland
1117,1985,0.0,Omission Error,Bareland and Impervious
1118,1985,0.83,Omission Error,Rock Outcrop
1119,1985,0.16,Omission Error,Water
1120,1986,0.03,Omission Error,Forest
1121,1986,0.67,Omission Error,Shrubland
1122,1986,0.83,Omission Error,Flooded Forest
1123,1986,0.77,Omission Error,Wetland
1124,1986,0.41,Omission Error,Natural Grassland
1125,1986,0.15,Omission Error,Pastureland
1126,1986,0.71,Omission Error,Cropland
1127,1986,0.0,Omission Error,Bareland and Impervious
1128,1986,0.81,Omission Error,Rock Outcrop
1129,1986,0.19,Omission Error,Water
1130,1987,0.03,Omission Error,Forest
1131,1987,0.7,Omission Error,Shrubland
1132,1987,0.83,Omission Error,Flooded Forest
1133,1987,0.79,Omission Error,Wetland
1134,1987,0.41,Omission Error,Natural Grassland
1135,1987,0.11,Omission Error,Pastureland
1136,1987,0.6,Omission Error,Cropland
1137,1987,0.0,Omission Error,Bareland and Impervious
1138,1987,0.81,Omission Error,Rock Outcrop
1139,1987,0.19,Omission Error,Water
1140,1988,0.04,Omission Error,Forest
1141,1988,0.69,Omission Error,Shrubland
1142,1988,0.84,Omission Error,Flooded Forest
1143,1988,0.79,Omission Error,Wetland
1144,1988,0.41,Omission Error,Natural Grassland
1145,1988,0.12,Omission Error,Pastureland
1146,1988,0.67,Omission Error,Cropland
1147,1988,0.0,Omission Error,Bareland and Impervious
1148,1988,0.81,Omission Error,Rock Outcrop
1149,1988,0.18,Omission Error,Water
1150,1989,0.04,Omission Error,Forest
1151,1989,0.67,Omission Error,Shrubland
1152,1989,0.84,Omission Error,Flooded Forest
1153,1989,0.79,Omission Error,Wetland
1154,1989,0.41,Omission Error,Natural Grassland
1155,1989,0.12,Omission Error,Pastureland
1156,1989,0.6,Omission Error,Cropland
1157,1989,0.0,Omission Error,Bareland and Impervious
1158,1989,0.81,Omission Error,Rock Outcrop
1159,1989,0.18,Omission Error,Water
1160,1990,0.04,Omission Error,Forest
1161,1990,0.67,Omission Error,Shrubland
1162,1990,0.84,Omission Error,Flooded Forest
1163,1990,0.78,Omission Error,Wetland
1164,1990,0.4,Omission Error,Natural Grassland
1165,1990,0.12,Omission Error,Pastureland
1166,1990,0.5,Omission Error,Cropland
1167,1990,0.0,Omission Error,Bareland and Impervious
1168,1990,0.81,Omission Error,Rock Outcrop
1169,1990,0.19,Omission Error,Water
1170,1991,0.04,Omission Error,Forest
1171,1991,0.66,Omission Error,Shrubland
1172,1991,0.84,Omission Error,Flooded Forest
1173,1991,0.79,Omission Error,Wetland
1174,1991,0.41,Omission Error,Natural Grassland
1175,1991,0.1,Omission Error,Pastureland
1176,1991,0.67,Omission Error,Cropland
1177,1991,0.0,Omission Error,Bareland and Impervious
1178,1991,0.81,Omission Error,Rock Outcrop
1179,1991,0.23,Omission Error,Water
1180,1992,0.04,Omission Error,Forest
1181,1992,0.68,Omission Error,Shrubland
1182,1992,0.84,Omission Error,Flooded Forest
1183,1992,0.79,Omission Error,Wetland
1184,1992,0.4,Omission Error,Natural Grassland
1185,1992,0.12,Omission Error,Pastureland
1186,1992,0.6,Omission Error,Cropland
1187,1992,0.0,Omission Error,Bareland and Impervious
1188,1992,0.81,Omission Error,Rock Outcrop
1189,1992,0.23,Omission Error,Water
1190,1993,0.04,Omission Error,Forest
1191,1993,0.68,Omission Error,Shrubland
1192,1993,0.84,Omission Error,Flooded Forest
1193,1993,0.79,Omission Error,Wetland
1194,1993,0.4,Omission Error,Natural Grassland
1195,1993,0.1,Omission Error,Pastureland
1196,1993,0.33,Omission Error,Cropland
1197,1993,0.0,Omission Error,Bareland and Impervious
1198,1993,0.81,Omission Error,Rock Outcrop
1199,1993,0.22,Omission Error,Water
1200,1994,0.04,Omission Error,Forest
1201,1994,0.67,Omission Error,Shrubland
1202,1994,0.84,Omission Error,Flooded Forest
1203,1994,0.8,Omission Error,Wetland
1204,1994,0.42,Omission Error,Natural Grassland
1205,1994,0.09,Omission Error,Pastureland
1206,1994,0.75,Omission Error,Cropland
1207,1994,0.0,Omission Error,Bareland and Impervious
1208,1994,0.81,Omission Error,Rock Outcrop
1209,1994,0.19,Omission Error,Water
1210,1995,0.04,Omission Error,Forest
1211,1995,0.68,Omission Error,Shrubland
1212,1995,0.84,Omission Error,Flooded Forest
1213,1995,0.8,Omission Error,Wetland
1214,1995,0.41,Omission Error,Natural Grassland
1215,1995,0.09,Omission Error,Pastureland
1216,1995,0.83,Omission Error,Cropland
1217,1995,0.0,Omission Error,Bareland and Impervious
1218,1995,0.81,Omission Error,Rock Outcrop
1219,1995,0.19,Omission Error,Water
1220,1996,0.04,Omission Error,Forest
1221,1996,0.68,Omission Error,Shrubland
1222,1996,0.84,Omission Error,Flooded Forest
1223,1996,0.8,Omission Error,Wetland
1224,1996,0.41,Omission Error,Natural Grassland
1225,1996,0.09,Omission Error,Pastureland
1226,1996,0.4,Omission Error,Cropland
1227,1996,0.0,Omission Error,Bareland and Impervious
1228,1996,0.81,Omission Error,Rock Outcrop
1229,1996,0.23,Omission Error,Water
1230,1997,0.04,Omission Error,Forest
1231,1997,0.68,Omission Error,Shrubland
1232,1997,0.84,Omission Error,Flooded Forest
1233,1997,0.79,Omission Error,Wetland
1234,1997,0.41,Omission Error,Natural Grassland
1235,1997,0.08,Omission Error,Pastureland
1236,1997,0.33,Omission Error,Cropland
1237,1997,0.0,Omission Error,Bareland and Impervious
1238,1997,0.81,Omission Error,Rock Outcrop
1239,1997,0.23,Omission Error,Water
1240,1998,0.03,Omission Error,Forest
1241,1998,0.66,Omission Error,Shrubland
1242,1998,0.84,Omission Error,Flooded Forest
1243,1998,0.8,Omission Error,Wetland
1244,1998,0.42,Omission Error,Natural Grassland
1245,1998,0.09,Omission Error,Pastureland
1246,1998,0.38,Omission Error,Cropland
1247,1998,0.0,Omission Error,Bareland and Impervious
1248,1998,0.81,Omission Error,Rock Outcrop
1249,1998,0.19,Omission Error,Water
1250,1999,0.03,Omission Error,Forest
1251,1999,0.65,Omission Error,Shrubland
1252,1999,0.84,Omission Error,Flooded Forest
1253,1999,0.8,Omission Error,Wetland
1254,1999,0.42,Omission Error,Natural Grassland
1255,1999,0.09,Omission Error,Pastureland
1256,1999,0.32,Omission Error,Cropland
1257,1999,0.0,Omission Error,Bareland and Impervious
1258,1999,0.81,Omission Error,Rock Outcrop
1259,1999,0.24,Omission Error,Water
1260,2000,0.03,Omission Error,Forest
1261,2000,0.66,Omission Error,Shrubland
1262,2000,0.84,Omission Error,Flooded Forest
1263,2000,0.78,Omission Error,Wetland
1264,2000,0.42,Omission Error,Natural Grassland
1265,2000,0.1,Omission Error,Pastureland
1266,2000,0.32,Omission Error,Cropland
1267,2000,0.0,Omission Error,Bareland and Impervious
1268,2000,0.81,Omission Error,Rock Outcrop
1269,2000,0.14,Omission Error,Water
1270,2001,0.03,Omission Error,Forest
1271,2001,0.66,Omission Error,Shrubland
1272,2001,0.84,Omission Error,Flooded Forest
1273,2001,0.77,Omission Error,Wetland
1274,2001,0.42,Omission Error,Natural Grassland
1275,2001,0.09,Omission Error,Pastureland
1276,2001,0.24,Omission Error,Cropland
1277,2001,0.0,Omission Error,Bareland and Impervious
1278,2001,0.81,Omission Error,Rock Outcrop
1279,2001,0.13,Omission Error,Water
1280,2002,0.04,Omission Error,Forest
1281,2002,0.67,Omission Error,Shrubland
1282,2002,0.84,Omission Error,Flooded Forest
1283,2002,0.77,Omission Error,Wetland
1284,2002,0.41,Omission Error,Natural Grassland
1285,2002,0.09,Omission Error,Pastureland
1286,2002,0.23,Omission Error,Cropland
1287,2002,0.0,Omission Error,Bareland and Impervious
1288,2002,0.81,Omission Error,Rock Outcrop
1289,2002,0.12,Omission Error,Water
1290,2003,0.04,Omission Error,Forest
1291,2003,0.65,Omission Error,Shrubland
1292,2003,0.84,Omission Error,Flooded Forest
1293,2003,0.76,Omission Error,Wetland
1294,2003,0.42,Omission Error,Natural Grassland
1295,2003,0.09,Omission Error,Pastureland
1296,2003,0.36,Omission Error,Cropland
1297,2003,0.0,Omission Error,Bareland and Impervious
1298,2003,0.81,Omission Error,Rock Outcrop
1299,2003,0.1,Omission Error,Water
1300,2004,0.04,Omission Error,Forest
1301,2004,0.65,Omission Error,Shrubland
1302,2004,0.84,Omission Error,Flooded Forest
1303,2004,0.77,Omission Error,Wetland
1304,2004,0.41,Omission Error,Natural Grassland
1305,2004,0.09,Omission Error,Pastureland
1306,2004,0.4,Omission Error,Cropland
1307,2004,0.0,Omission Error,Bareland and Impervious
1308,2004,0.81,Omission Error,Rock Outcrop
1309,2004,0.11,Omission Error,Water
1310,2005,0.04,Omission Error,Forest
1311,2005,0.68,Omission Error,Shrubland
1312,2005,0.84,Omission Error,Flooded Forest
1313,2005,0.77,Omission Error,Wetland
1314,2005,0.42,Omission Error,Natural Grassland
1315,2005,0.08,Omission Error,Pastureland
1316,2005,0.32,Omission Error,Cropland
1317,2005,0.0,Omission Error,Bareland and Impervious
1318,2005,0.81,Omission Error,Rock Outcrop
1319,2005,0.12,Omission Error,Water
1320,2006,0.04,Omission Error,Forest
1321,2006,0.68,Omission Error,Shrubland
1322,2006,0.84,Omission Error,Flooded Forest
1323,2006,0.77,Omission Error,Wetland
1324,2006,0.42,Omission Error,Natural Grassland
1325,2006,0.08,Omission Error,Pastureland
1326,2006,0.28,Omission Error,Cropland
1327,2006,0.0,Omission Error,Bareland and Impervious
1328,2006,0.81,Omission Error,Rock Outcrop
1329,2006,0.12,Omission Error,Water
1330,2007,0.04,Omission Error,Forest
1331,2007,0.64,Omission Error,Shrubland
1332,2007,0.83,Omission Error,Flooded Forest
1333,2007,0.77,Omission Error,Wetland
1334,2007,0.41,Omission Error,Natural Grassland
1335,2007,0.08,Omission Error,Pastureland
1336,2007,0.23,Omission Error,Cropland
1337,2007,0.0,Omission Error,Bareland and Impervious
1338,2007,0.81,Omission Error,Rock Outcrop
1339,2007,0.13,Omission Error,Water
1340,2008,0.04,Omission Error,Forest
1341,2008,0.64,Omission Error,Shrubland
1342,2008,0.83,Omission Error,Flooded Forest
1343,2008,0.77,Omission Error,Wetland
1344,2008,0.42,Omission Error,Natural Grassland
1345,2008,0.08,Omission Error,Pastureland
1346,2008,0.24,Omission Error,Cropland
1347,2008,0.0,Omission Error,Bareland and Impervious
1348,2008,0.81,Omission Error,Rock Outcrop
1349,2008,0.13,Omission Error,Water
1350,2009,0.03,Omission Error,Forest
1351,2009,0.65,Omission Error,Shrubland
1352,2009,0.83,Omission Error,Flooded Forest
1353,2009,0.77,Omission Error,Wetland
1354,2009,0.41,Omission Error,Natural Grassland
1355,2009,0.08,Omission Error,Pastureland
1356,2009,0.22,Omission Error,Cropland
1357,2009,0.0,Omission Error,Bareland and Impervious
1358,2009,0.81,Omission Error,Rock Outcrop
1359,2009,0.15,Omission Error,Water
1360,2010,0.04,Omission Error,Forest
1361,2010,0.66,Omission Error,Shrubland
1362,2010,0.84,Omission Error,Flooded Forest
1363,2010,0.77,Omission Error,Wetland
1364,2010,0.43,Omission Error,Natural Grassland
1365,2010,0.08,Omission Error,Pastureland
1366,2010,0.23,Omission Error,Cropland
1367,2010,0.0,Omission Error,Bareland and Impervious
1368,2010,0.81,Omission Error,Rock Outcrop
1369,2010,0.12,Omission Error,Water
1370,2011,0.04,Omission Error,Forest
1371,2011,0.65,Omission Error,Shrubland
1372,2011,0.84,Omission Error,Flooded Forest
1373,2011,0.77,Omission Error,Wetland
1374,2011,0.43,Omission Error,Natural Grassland
1375,2011,0.08,Omission Error,Pastureland
1376,2011,0.23,Omission Error,Cropland
1377,2011,0.0,Omission Error,Bareland and Impervious
1378,2011,0.81,Omission Error,Rock Outcrop
1379,2011,0.13,Omission Error,Water
1380,2012,0.04,Omission Error,Forest
1381,2012,0.68,Omission Error,Shrubland
1382,2012,0.84,Omission Error,Flooded Forest
1383,2012,0.78,Omission Error,Wetland
1384,2012,0.43,Omission Error,Natural Grassland
1385,2012,0.08,Omission Error,Pastureland
1386,2012,0.2,Omission Error,Cropland
1387,2012,0.0,Omission Error,Bareland and Impervious
1388,2012,0.81,Omission Error,Rock Outcrop
1389,2012,0.12,Omission Error,Water
1390,2013,0.04,Omission Error,Forest
1391,2013,0.63,Omission Error,Shrubland
1392,2013,0.83,Omission Error,Flooded Forest
1393,2013,0.74,Omission Error,Wetland
1394,2013,0.41,Omission Error,Natural Grassland
1395,2013,0.08,Omission Error,Pastureland
1396,2013,0.21,Omission Error,Cropland
1397,2013,0.0,Omission Error,Bareland and Impervious
1398,2013,0.81,Omission Error,Rock Outcrop
1399,2013,0.1,Omission Error,Water
1400,2014,0.04,Omission Error,Forest
1401,2014,0.64,Omission Error,Shrubland
1402,2014,0.83,Omission Error,Flooded Forest
1403,2014,0.74,Omission Error,Wetland
1404,2014,0.42,Omission Error,Natural Grassland
1405,2014,0.08,Omission Error,Pastureland
1406,2014,0.17,Omission Error,Cropland
1407,2014,0.0,Omission Error,Bareland and Impervious
1408,2014,0.81,Omission Error,Rock Outcrop
1409,2014,0.1,Omission Error,Water
1410,2015,0.04,Omission Error,Forest
1411,2015,0.65,Omission Error,Shrubland
1412,2015,0.83,Omission Error,Flooded Forest
1413,2015,0.74,Omission Error,Wetland
1414,2015,0.42,Omission Error,Natural Grassland
1415,2015,0.08,Omission Error,Pastureland
1416,2015,0.16,Omission Error,Cropland
1417,2015,0.0,Omission Error,Bareland and Impervious
1418,2015,0.81,Omission Error,Rock Outcrop
1419,2015,0.09,Omission Error,Water
1420,2016,0.04,Omission Error,Forest
1421,2016,0.66,Omission Error,Shrubland
1422,2016,0.83,Omission Error,Flooded Forest
1423,2016,0.73,Omission Error,Wetland
1424,2016,0.42,Omission Error,Natural Grassland
1425,2016,0.09,Omission Error,Pastureland
1426,2016,0.15,Omission Error,Cropland
1427,2016,0.0,Omission Error,Bareland and Impervious
1428,2016,0.81,Omission Error,Rock Outcrop
1429,2016,0.08,Omission Error,Water
1430,2017,0.04,Omission Error,Forest
1431,2017,0.65,Omission Error,Shrubland
1432,2017,0.83,Omission Error,Flooded Forest
1433,2017,0.72,Omission Error,Wetland
1434,2017,0.42,Omission Error,Natural Grassland
1435,2017,0.09,Omission Error,Pastureland
1436,2017,0.16,Omission Error,Cropland
1437,2017,0.0,Omission Error,Bareland and Impervious
1438,2017,0.81,Omission Error,Rock Outcrop
1439,2017,0.08,Omission Error,Water
1440,2018,0.04,Omission Error,Forest
1441,2018,0.66,Omission Error,Shrubland
1442,2018,0.82,Omission Error,Flooded Forest
1443,2018,0.69,Omission Error,Wetland
1444,2018,0.43,Omission Error,Natural Grassland
1445,2018,0.08,Omission Error,Pastureland
1446,2018,0.13,Omission Error,Cropland
1447,2018,0.0,Omission Error,Bareland and Impervious
1448,2018,0.81,Omission Error,Rock Outcrop
1449,2018,0.07,Omission Error,Water
1450,2019,0.04,Omission Error,Forest
1451,2019,0.69,Omission Error,Shrubland
1452,2019,0.82,Omission Error,Flooded Forest
1453,2019,0.67,Omission Error,Wetland
1454,2019,0.46,Omission Error,Natural Grassland
1455,2019,0.12,Omission Error,Pastureland
1456,2019,0.15,Omission Error,Cropland
1457,2019,0.0,Omission Error,Bareland and Impervious
1458,2019,0.81,Omission Error,Rock Outcrop
1459,2019,0.05,Omission Error,Water
1460,2020,0.03,Omission Error,Forest
1461,2020,0.7,Omission Error,Shrubland
1462,2020,0.82,Omission Error,Flooded Forest
1463,2020,0.67,Omission Error,Wetland
1464,2020,0.46,Omission Error,Natural Grassland
1465,2020,0.13,Omission Error,Pastureland
1466,2020,0.12,Omission Error,Cropland
1467,2020,0.0,Omission Error,Bareland and Impervious
1468,2020,0.81,Omission Error,Rock Outcrop
1469,2020,0.05,Omission Error,Water
1470,2021,0.04,Omission Error,Forest
1471,2021,0.66,Omission Error,Shrubland
1472,2021,0.82,Omission Error,Flooded Forest
1473,2021,0.68,Omission Error,Wetland
1474,2021,0.46,Omission Error,Natural Grassland
1475,2021,0.13,Omission Error,Pastureland
1476,2021,0.13,Omission Error,Cropland
1477,2021,0.0,Omission Error,Bareland and Impervious
1478,2021,0.81,Omission Error,Rock Outcrop
1479,2021,0.08,Omission Error,Water
